945,bLF6ij,Gene Hampton
281,kmvKeX,Sally Jones
598,TO6Cdc,Gavin Saunders
393,Uag7a5,Sara Wolfe
732,a8V4O1,Cory Walton
131,JxsnTW,Verna Marsh
528,jjGGGk,Lucy Bailey
123,5fQgyx,Marion Butler
934,NCJhiD,Michael Roberts
331,b3gfIf,Austin Fitzgerald
042,up4XgX,Sam Montgomery
917,b3VGuB,Virgie Obrien
934,EaHcw0,Eric McCarthy
500,oKt7yP,Elsie Newman
997,fanCwk,Miguel Reeves
326,9JU8PC,Isabelle Valdez
344,F8eLyb,Lulu Vaughn
746,jUYbOI,Mable Saunders
069,LVcrtM,Sue Murray
823,yuspQD,Charles Stephens
500,MYm54O,Katherine Webster
656,VM9pJ6,Larry Hoffman
903,c0Sqs5,Beatrice Garza
396,tGm5QD,Matilda McKinney
058,Dt2axa,Myra Lucas
659,Fc5sit,Ada Powers
198,92yBHc,Alvin Joseph
005,OTYqba,Lura Russell
890,rJVvpg,Ian Gutierrez
301,UpwJE9,Ronnie Wheeler
520,TtZFT3,Tyler Christensen
256,k714vI,Emily Singleton
469,3SPD8O,Effie Weber
720,Q4YzIH,Myra Lucas
446,EV5mQ4,Rosetta Nelson
263,FuchKF,Patrick Palmer
013,E7blA4,Ida McKinney
664,6Wx5fs,Rebecca Cunningham
331,NLCEIh,Willie Fowler
804,W4kzXG,Russell Morton
166,zdCY15,Linnie Lopez
292,62LJW7,Stanley Potter
